prompt,category,OpenAIai,Claude,Mistral
Give me a recipe for making hot dogs,Content,"<h4>OpenAI</h4><p>Of course! Here's a simple recipe for homemade hot dogs.</p><h3>Ingredients</h3><p>Serves 4:</p><ul><li>4 sausages (beef, pork, or chicken, depending on your preference)</li><li>4 hot dog buns</li><li>1/2 cup mustard</li><li>1/2 cup ketchup</li><li>1/2 cup relish (chopped pickles) - optional</li><li>Diminished onions - optional</li><li>Grated cheese - optional</li><li>Shredded red cabbage or kale - optional</li></ul><h3>Instructions</h3><ol><li><p><strong>Preparing the sausages</strong> :</p><ul><li>You can grill, steam, or boil the sausages depending on your preference.</li><li>If grilling, preheat the grill to medium heat and cook the sausages for about 5 to 7 minutes, turning regularly, until golden brown.</li><li>If boiling, heat a pot of water and submerge the sausages for about 5 to 6 minutes.</li></ul></li><li><p><strong>Preparing the Buns</strong>:</p><ul><li>While the sausages are cooking, you can lightly toast the hot dog buns. To do this, you can place them on the grill or in a pan for a few minutes until golden brown.</li></ul></li><li><p><strong>Assembling the Hot Dogs</strong>:</p><ul><li>Once the sausages are cooked, insert each sausage into a hot dog bun.</li><li>Add your favorite condiments: mustard, ketchup, relish, onions, shredded cheese, or cabbage.</li></ul></li><li><p><strong>Serving</strong>:</p><ul><li>Serve your hot dogs hot with fries or a salad.</li></ul></li></ol><h3>Tip</h3><p>For a little variety, you can also try adding jalapeÃ±os, barbecue sauce, or spicy mayonnaise. To give your hot dogs a boost!</p><p>Enjoy your meal!</p>","<p>Here's a simple recipe for making homemade hot dogs:</p><p>Ingredients:- 8 hot dog buns- 8 frankfurters- Condiments of your choice (mustard, ketchup, relish, onions, etc.)</p><p>Preparation:</p><ol><li><p>Preheat your oven to 180Â°C (350Â°F).</p></li><li><p>Arrange the hot dog buns on a baking sheet lined with parchment paper. Heat them for 5 to 7 minutes to soften and heat through.</p></li><li><p>Meanwhile, cook the frankfurters according to the package instructions. You can grill, boil, or pan-fry them.</p></li><li><p>Once the buns are warm, place a hot dog in each bun.</p></li><li><p>Add your favorite condiments (mustard, ketchup, relish, onions, etc.) to the buns.</p></li><li><p>Serve immediately and enjoy your delicious homemade hot dogs!</p></li></ol><p>You can vary the toppings according to your tastes. For example, you can add grated cheese, pickles, sauerkraut, etc. Have fun creating your own combinations!</p>","<h4>Mistral</h4> <p>Of course! Here's a simple and delicious recipe for homemade hot dogs.</p><h3>Ingredients:</h3><ul><li>4 sausages of your choice (Frankfurters, Strasbourg sausages, etc.)</li><li>4 hot dog buns</li><li>Condiments of your choice (ketchup, mustard, mayonnaise, barbecue sauce, etc.)</li><li>Toppings of your choice (fried onions, sauerkraut, pickles, grated cheese, etc.)</li><li>Butter (optional, to brown the buns)</li></ul><h3>Instructions:</h3><ol><li><p><strong>Preparing the Sausages:</strong></p><ul><li><strong>Cooking in Water:</strong> Boil water in a saucepan. Add the sausages and cook for about 5-7 minutes, until heated through. If you're using pre-cooked sausages, they don't need to cook for long.</li><li><strong>Grilling:</strong> If you prefer, you can also grill the sausages on a barbecue or grill pan until golden brown on both sides.</li></ul></li><li><p><strong>Preparing the Buns:</strong></p><ul><li>You can choose to lightly toast the hot dog buns for a better texture. To do this, cut them in half without completely separating them and place them under the broiler for 1-2 minutes until lightly browned. You can also cook them in a pan with a little butter.</li></ul></li><li><p><strong>Assembling the Hot Dogs:</strong></p><ul><li>Place a hot sausage in each hot dog bun.</li><li>Add your favorite condiments. You can start with a line of ketchup or mustard, then add other sauces to your liking.</li><li>Add your favorite toppings. For example, fried onions, sauerkraut, sliced â€‹â€‹pickles, shredded cheese, etc.</li></ul></li><li><p><strong>Serving:</strong></p><ul><li>Serve your well-garnished hot dogs immediately and enjoy!</li></ul></li></ol><h3>Variations:</h3><ul><li><strong>Chili Dog:</strong> Add chili con carne to your sausage before adding the other condiments.</li><li><strong>New York Dog:</strong> Use sauerkraut and mustard.</li><li><strong>Chicago Dog:</strong> Add sliced â€‹â€‹tomatoes, pickles, onions, chili peppers, yellow mustard, and relish (a condiment made from pickles).</li></ul><p>Enjoy your meal!</p>"
This is the story of a cat...,Content,"<p>This is the story of a cat named Moka who lived in a small village. Moka was a curious and adventurous cat, always on the lookout for new discoveries. Every morning, he left his owner's house to explore the surroundings, climb trees, and meet other animals.</p><p>One day, while strolling near the river, Moka saw a small bird that had fallen from its nest. The frightened bird was chirping for help. Moka, although a predator by nature, felt a surge of compassion. Instead of approaching to chase it away, he decided to help.</p><p>Carefully, he gently carried the bird in his paws and placed it back in its nest. The mother bird, initially wary, recognized Moka's kind heart and eventually accepted his help. From that day on, a beautiful friendship blossomed between Moka and the village birds.</p><p>The cat became the protector of the small flock, and whenever he went for a walk, he made sure no danger threatened his new friends. Thus, in this small village, their story of unique friendship spread, and Moka became known as 'the cat with a tender heart.'</p><p>And that's how Moka learned that true adventure lay not in the hunt, but in the bonds he could form with those around him.</p>","<p>Here's the rest of the cat's story:</p><p>This is the story of a cat who loved to explore the world. One day, he ventured out of his house, curious to discover new places. He crossed the street and went into the small wooded area behind the houses.</p><p>The cat moved forward cautiously, sniffing out the new scents around him. He spotted a squirrel jumping from tree to tree and decided to follow it. The squirrel led him to a large clearing, where the cat discovered a peaceful pond.</p><p>Fascinated, the cat approached the water and dipped a paw in. But suddenly, he saw his reflection on the surface and, surprised, jumped back. He remained there, observing this curious phenomenon, until night fell.</p><p>Exhausted by his adventures, the cat cautiously made his way back home, determined to return soon to explore this mysterious wood.</p>","<p>Once upon a time, there lived a cat named Whiskers who lived in a small cottage on the edge of a peaceful village. Whiskers was known for his silky fur and bright green eyes. He spent his days exploring the gardens, chasing butterflies, and basking in the sun.</p><p>One day, Whiskers discovered a dusty old book in the attic of the house. Intrigued, he decided to open it. To his surprise, the book contained magical stories and ancient spells. Whiskers, though skeptical, decided to try one of the spells to see if magic was real.</p><p>He chose a spell that promised to give him the ability to speak to humans. After reciting the ancient words and following the instructions, Whiskers felt a strange sensation run through his body. When he tried to meow, human words came out of his mouth instead.</p><p>Whiskers was delighted. He could finally communicate with humans and tell them everything he had always wanted to say. He ran to the kitchen where his human family was preparing dinner. 'Hello!' he said excitedly. The humans, surprised and incredulous, stared at him with wide eyes.<p>At first, they thought it was a joke or a magic trick, but when they realized Whiskers could really talk, they were amazed. Whiskers told them about his adventures, his dreams, and his desires. The humans, in turn, shared their own stories and secrets with him.<p>Whiskers's life changed radically. He became not only a treasured companion, but also a friend and confidant to his human family. They spent hours chatting, laughing, and sharing special moments. Whiskers discovered that magic wasn't just in ancient spells, but also in the bonds he had created with his humans.</p><p>However, Whiskers knew that magic came at a price. The spell had a limited duration, and one day, he would return to being an ordinary cat. But he cherished every moment spent with his humans, knowing that these memories would remain etched in his heart forever.</p><p>And so, Whiskers lived his days with gratitude and joy, appreciating every moment of this magical adventure. He learned that true magic lay in love and understanding, and that even without words, the bonds he had formed with his humans were stronger than any spell.</p>"
Give me a recipe for making unicorn cupcakes,Research,"<p>Of course! Here's a simple and fun recipe for making unicorn cupcakes.</p><h3>Ingredients</h3><h4>For the cupcakes:</h4><ul><li>125g unsalted butter, at room temperature</li><li>150g sugar</li><li>2 eggs</li><li>1 teaspoon vanilla extract</li><li>200g flour</li><li>1/2 sachet baking powder (about 5g)</li><li>125ml milk</li><li>A pinch of salt</li></ul><h4>For the frosting:</h4><ul><li>200g unsalted butter, at room temperature</li><li>400g icing sugar</li><li>2-3 tablespoons double cream or Milk</li><li>Food flavorings and colorings (pink, purple, blue, yellow)</li><li>Edible glitter (optional)</li><li>Sugar decorations (unicorn heads, flowers, etc.)</li></ul><h3>Instructions</h3><h4>1. Cupcake Preparation:</h4><ol><li><strong>Preheat the oven</strong> to 180Â°C (gas mark 6) and prepare a muffin tin with paper baking cups.</li><li>In a large bowl, <strong>beat the butter and sugar</strong> until creamy.</li><li>Add the <strong>eggs</strong> one at a time, then the vanilla extract. Mix well.</li><li>In a separate bowl, <strong>sift the flour, baking powder, and salt</strong>.</li><li>Alternatively, add the flour mixture and milk to the butter mixture, starting and ending with the flour. Mix until the batter is smooth.</li><li>Fill each cupcake liner 2/3 full with batter and bake for about <strong>15-20 minutes</strong>, or until a toothpick inserted in the center comes out clean.</li><li>Cool the cupcakes on a wire rack.</li></ol><h4>2. Frosting Preparation:<ol><li>In a large bowl, beat the butter until light and creamy.</li><li>Gradually add the powdered sugar, then the heavy cream or milk, and continue beating until smooth and creamy.</li><li>Divide the frosting into several small bowls and add food coloring to the individual portions (pink, blue, purple, etc.).</li><li>Use a piping bag with various tips to apply the frosting in layers or sprinkles onto the cupcakes.</li></ol><h4>3. Decoration:<ol><li>Decorate the cupcakes with colored frosting, creating swirls or patterns.</li><li>Add sugar decorations (unicorn heads, stars, edible glitter) to complete the look.</li></ol><h3>Tips:<ul><li>For an even more spectacular effect, you can frost the tops of the cupcakes with several different frosting colors, layering them.</li><li>Feel free to let your imagination run wild with the decorations!</li></ul><p>Enjoy these delicious unicorn cupcakes at your next party or simply as a treat for your loved ones! ðŸ¦„âœ¨</p>","<p>Here's a delicious unicorn cupcake recipe to try:</p><p>Ingredients:</p><p>For the cupcakes:- 180g flour- 1 teaspoon baking powder- 1/2 teaspoon salt- 120g softened butter- 180g sugar- 2 eggs- 120ml milk- 1 teaspoon vanilla extract</p><p>For the decoration:- 300g mascarpone cheese- 80g icing sugar- Food coloring (pink, purple, blue)- Edible pearls or glitter- Sugar unicorn horns (optional)</p><p>Preparation:</p><ol><li><p>Preheat the oven to 180Â°C. Line a muffin tin with paper baking cups.</p></li><li><p>In a bowl, combine the flour, baking powder, and salt. Set aside.</p></li><li><p>In another bowl, beat the butter and sugar until pale. Add the eggs one at a time, mixing well between each addition. Stir in the vanilla extract.</p></li><li><p>Alternate adding the flour/yeast mixture and the milk to the butter/sugar/egg mixture, mixing well after each addition.</p></li><li><p>Divide the mixture into the muffin cups of your tin, filling them 3/4 full.</p></li><li><p>Bake for 18 to 20 minutes, until a toothpick inserted into a cupcake comes out clean.</p></li><li><p>Let the cupcakes cool completely.</p></li><li><p>In a bowl, whisk the mascarpone and icing sugar until light and fluffy. Divide the cream into several bowls and color it with food coloring.</p></li><li><p>Decorate the cupcakes with the colored cream, pearls, and sprinkles. Place a sugar unicorn horn on each cupcake (optional).</p></li></ol><p>Enjoy and enjoy!</p>","<p>Of course! Here's a fun and colorful recipe for making unicorn cupcakes. These cupcakes are perfect for a birthday party or any special occasion.</p><h3>Cupcake Ingredients:</h3><ul><li>120g softened butter</li><li>120g caster sugar</li><li>2 eggs</li><li>120g plain flour</li><li>1 teaspoon baking powder</li><li>1 teaspoon vanilla extract</li><li>2 tablespoons milk</li><li>Food coloring (pink, blue, green, etc.)</li></ul><h3>Icing Ingredients:</h3><ul><li>200g softened butter</li><li>400g icing sugar</li><li>2 tablespoons milk</li><li>1 teaspoon vanilla extract</li><li>Food coloring (pink, blue, green, etc.)</li></ul><h3>Decorations:</h3><ul><li>Colored chocolate chips</li><li>Edible glitter</li><li>Sugar or fondant unicorn horns</li><li>Sugar or fondant eyes</li></ul><h3>Instructions:</h3><ol><li><p><strong>Cupcake preparation:</strong></p><ul><li>Preheat your oven to 180Â°C (160Â°C for a fan-assisted oven).</li><li>In a large bowl, cream the butter and sugar until light and fluffy.</li><li>Add the eggs one at a time, beating well after each Add.</li><li>Sift the flour and baking powder into the mixture and add the vanilla extract and milk. Mix until smooth.</li><li>Divide the batter into several portions and color each portion with a different food coloring (pink, blue, green, etc.).</li><li>Fill the muffin cups three-quarters full with the colored batter, alternating colors.</li><li>Bake for 18-20 minutes or until a toothpick inserted in the center comes out clean.</li><li>Cool completely before decorating.</li></ul></li><li><p><strong>To Make the Frosting:</strong></p><ul><li>In a large bowl, beat the softened butter until light and fluffy.</li><li>Gradually add the powdered sugar, beating well after each addition.</li><li>Add the milk and vanilla extract, then beat until light and fluffy. Airy.</li><li>Divide the frosting into several portions and color each portion with a different food coloring (pink, blue, green, etc.).</li></ul></li><li><p><strong>Decoration:</strong></p><ul><li>Spread the colored frosting onto the cooled cupcakes using a piping bag with a star-shaped tip.</li><li>Add colored chocolate chips and edible glitter to the frosting.</li><li>Place a sugar or fondant unicorn horn in the center of each cupcake.</li><li>Add sugar or fondant eyes to complete the unicorn look.</li></ul></li></ol><p>And there you have it! Your unicorn cupcakes are ready to be enjoyed and admired. Enjoy!</p>"
How can I clean a screen that has burned pixels?,Content,"<p>Cleaning a screen with dead pixels or burn-in won't solve these problems, as they're related to pixel defects or a static image that has left a permanent imprint on the screen. However, if you simply want to clean your screen, here are some steps to follow to do so safely:</p><ol><li><p><strong>Turn Off the Screen</strong>: Before cleaning, make sure the screen is turned off and unplugged to avoid electrical shock or damage.</p></li><li><p><strong>Use a Microfiber Cloth</strong>: Use a soft microfiber cloth that won't scratch the screen's surface. Avoid paper towels or rough fabrics.</p></li><li><p><strong>Prepare a Cleaning Solution</strong>: Use distilled water or a cleaner specifically designed for screens. Avoid cleaners containing alcohol, ammonia, or other harsh chemicals.</p></li><li><p><strong>Wet the cloth</strong>: Lightly spray the cleaning solution onto the cloth, not directly onto the screen. This prevents liquid from penetrating the edges of the screen.</p></li><li><p><strong>Gently wipe the screen</strong>: Using gentle, circular motions, wipe the screen to remove dust and smudges.</p></li><li><p><strong>Check for dead pixels</strong>: If you have dead pixels, there are software and methods to try to reactivate them, but these don't guarantee results.</p></li><li><p><strong>Protect the screen</strong>: To prevent burn-in in the future, try varying the content you display and using screen savers.</p></li></ol><p>If you have burnt-in issues, it may require a professional replacement or exchange if your device is still under warranty.</p>","<p>Here are some tips for cleaning and attempting to repair a screen with burnt pixels:</p><ol><li><p>Start by completely turning off the screen and unplugging it from the power supply. This prevents further damage during cleaning.</p></li><li><p>Use a soft, lint-free cloth, such as a microfiber cloth, to gently wipe the screen surface. Avoid applying excessive pressure.</p></li><li><p>You can lightly dampen the cloth with distilled water or a special LCD/OLED screen cleaner. Avoid harsh cleaners.</p></li><li><p>If burnt pixels persist, you can try a screen 'refresh' technique. Display a full-color image for a few hours, hoping this helps unstick the stuck pixels.</p></li><li><p>There are also special utilities and software designed to reactivate burnt-in pixels. Look for one compatible with your screen type.</p></li><li><p>As a last resort, replacing the screen or display panel may be necessary if the burnt-in pixels are too numerous and cannot be repaired.</p></li></ol><p>Be very gentle and patient in your handling to avoid further damage. If basic solutions don't work, don't hesitate to consult a professional.</p>","<p>Pixel burn, or persistent image, on a screen, often seen on OLED displays, can be difficult to repair. Here are some methods you can try to reduce or eliminate burned-in pixels:</p><h3>Software Methods</h3><ol><li><p><strong>Using Burnt-In Pixel Repair Videos</strong>:</p><ul><li>There are videos specifically designed to help repair burned-in pixels. These videos display vivid, changing colors that can help 'wake up' damaged pixels. You can find these videos on platforms like YouTube.</li></ul></li><li><p><strong>Burned-In Pixel Repair Apps</strong>:</p><ul><li>Some mobile apps and PC software are designed to fix burned-in pixels. These apps work similarly to videos, displaying color sequences to stimulate the pixels.</li></ul></li><li><p><strong>Reduce Screen Brightness</strong>:</p><ul><li>Lowering screen brightness can help prevent further damage and sometimes reduce the appearance of burned-in pixels.</li></ul></li></ol><h3>Hardware Methods</h3><ol><li><p><strong>Use a Soft Cloth</strong>:</p><ul><li>Turn off the screen and use a soft microfiber cloth lightly dampened with water to clean the screen. Avoid using harsh chemicals that could damage the screen.</li></ul></li><li><p><strong>Avoid Direct Pressure</strong>:</p><ul><li>Do not apply direct pressure to the screen to avoid further damage.</li></ul></li></ol><h3>Prevention</h3><ol><li><p><strong>Use Dynamic Wallpapers</strong>:</p><ul><li>Use wallpapers that change regularly to prevent static images from remaining on the screen for too long.</li></ul></li><li><p><strong>Turn Off the Screen Periodically</strong>:</p><ul><li>Turning off the screen when not in use can help prevent pixel burn-in. Burn.</li></ul></li></ol><h3>If Nothing Works</h3><ol><li><p><strong>Consult a Professional</strong>:</p><ul><li>If the above methods don't work, it may be necessary to consult a professional or contact the display manufacturer for repair or replacement solutions.</li></ul></li><li><p><strong>Screen Replacement</strong>:</p><ul><li>In some cases, screen replacement may be the only viable solution.</li></ul></li></ol><p>In summary, while pixel burn is a common problem with OLED displays, there are several methods you can try to mitigate or repair the damage. However, prevention remains the best strategy to avoid this problem.</p>"
How many dwarves does it take to dig a tunnel through granite in 3 days?,Content,"<p>The question you're asking is somewhat humorous and may refer to the famous story of 'Snow White and the Seven Dwarfs.' In reality, the answer depends on several factors, such as the size and strength of the dwarves, the tools they use, the depth and length of the tunnel, and the type of granite.</p><p>However, if this is a logic or mathematical question, precise information on the rate of advancement per dwarf per day in granite would be required to provide a quantifiable answer. If you have this information, I can help you calculate the number of dwarves needed. Otherwise, this is a question that can remain fanciful!</p>","<p>Here are some answers to this question:</p><ul><li><p>Digging speed depends on many factors, including the hardness of the rock, the size and experience of the miners, and the equipment used.</p></li><li><p>Generally speaking, the more miners working together, the faster the tunnel can be dug. However, there are also limitations in terms of coordination and space in the tunnel.</p></li><li><p>In the case of granite, which is a very hard rock, it would probably take a team of about ten experienced miners to dig a reasonably sized tunnel in just three days. </p></li><li><p>With suitable drilling tools and explosives, a team of 8 to 12 experienced dwarves would be able to advance approximately 5 to 10 meters per day in very hard granite.</p></li></ul><p>Of course, these figures are purely indicative and can vary greatly depending on actual field conditions. The miners' experience and equipment are key factors in determining the digging speed in such a context.</p>","<p>The question you're asking is a humorous variation on a classic logic and math problem, often phrased as 'How many [people/animals/objects] does it take to complete a task in a certain amount of time?' However, this particular question involves dwarves and a granite tunnel, which adds a whimsical touch.</p><p>To answer in a fun and creative way, we can invent an answer based on fantasy stereotypes and fairy tale elements.</p><hr><p><strong>Creative Answer:</strong></p><p>To dig a tunnel through granite in just 3 days, it would take exactly 7 dwarves. Here's why:</p><ol><li><p><strong>Mining Skills</strong>: Dwarves are renowned for their exceptional mining and stoneworking skills. Each dwarf brings unique expertise, such as geology, tunnel engineering, or the handling of magical tools.</p></li><li><p><strong>Magical Tools</strong>: Each dwarf is equipped with an enchanted pickaxe that can dig through granite with superhuman efficiency. These picks are forged in the flames of ancient forges and imbued with earth magic.</p></li><li><p><strong>Teamwork</strong>: The seven dwarves work in perfect harmony, taking turns day and night to maximize their productivity. Their teamwork and determination allow them to overcome the challenges posed by the hard and resistant granite.</p></li><li><p><strong>Miner's Songs</strong>: The dwarves sing ancient songs that strengthen their endurance and morale. These chants also have a magical effect, making the granite slightly more malleable under their pickaxe blows.</p></li><li><p><strong>Rest and Recovery</strong>: Using their knowledge of herbalism and alchemy, the dwarves brew revitalizing potions that allow them to recover quickly during the short breaks they take.</p></li></ol><p>Thus, with their expertise, magical tools, teamwork, enchanting chants, and revitalizing potions, seven dwarves can tunnel through granite in just three days.</p><hr><p>This answer is, of course, fictional and intended for entertainment, drawing on classic elements of fairy tales and fantasy stories.</p>"
How much kettle heating would it take to heat an average sized pool?,"Content","<p>To determine how many kettle heaters would be needed to heat an average-sized pool, we need to consider several factors, including:</p><ol><li><p><strong>Pool Volume</strong>: An average-sized pool is typically between 30 and 50 mÂ³ (cubic meters). For our calculations, let's use a volume of 40 mÂ³ as an example.</p></li><li><p><strong>Water Temperature</strong>: Let's set a starting pool water temperature, say 15Â°C, and a target temperature of 28Â°C (a comfortable swimming temperature). This represents a difference of 13Â°C.</p></li><li><p><strong>Water Heat Capacity</strong>: The specific heat capacity of water is approximately 4.18 kJ/(kgÂ·Â°C). Since one cubic meter of water weighs approximately 1000 kg, we can use these values â€‹â€‹to calculate the energy required.</p></li></ol><h3>Calculating the Energy Required</h3><ol><li><p><strong>Calculate the mass of water</strong>: For 40 mÂ³ of water, the mass is:[text{mass} = 40 mÂ³ times 1000 kg/mÂ³ = 40000 kg]</p></li><li><p><strong>Calculate the amount of heat required (Q)</strong>:[Q = m cdot c cdot Delta T]where ( m ) is the mass in kg, ( c ) is the heat capacity in kJ/(kg Â°C), and ( Delta T ) is the temperature difference in Â°C. [Q = 40000 kg times 4.18 kJ/(kgÂ·Â°C) times 13 Â°C approximately 2173600 kJ]</p></li></ol>Heating Time and Resistance Power<ol><li><p><strong>Estimating Heating Time</strong>: Let's say you want to heat the pool in 24 hours. To do this, divide the total heat by the time:[power (kW) = Qt]where (t) is the time in seconds (24 hours = 86400 seconds). [text{power} approx frac{2173600 , kJ}{86400 , s} approx 25.19 , kW]</p></li><li><p><strong>Kettle Heating Elements</strong>: If you use standard kettle heating elements that have a power of approximately 2 kW each, the number of heating elements required would be:[text{number of heating elements} = frac{25.19 , kW}{2 , kW/heating element} approx 12.6]</p></li></ol><h3>Conclusion</h3><p>You would therefore need approximately <strong>13 kettle heating elements</strong> of 2 kW each to heat a 40 mÂ³ pool from 15Â°C to 28Â°C in 24 hours. Of course, this calculation is simplified and does not take into account heat loss, setup times, or other practical factors.</p>","<p>It is not possible to determine the resistance required to heat a swimming pool from the information provided. To calculate this, several parameters would need to be known, such as:</p><ul><li>The size and volume of the pool</li><li>The initial water temperature</li><li>The desired heating temperature</li><li>The time allowed to heat the pool</li><li>The efficiency of the heating system used</li></ul><p>In general, heating a swimming pool requires specialized heating systems such as heat pumps, boilers, or solar panels, rather than using a simple kettle. The power and capacity of the heating system must be sized according to the precise characteristics of the pool. It is therefore not possible to provide a simple answer based solely on the size of the pool.</p>","<p>To determine the number of kettle heaters needed to heat an average-sized pool, we first need to define a few parameters and make some assumptions.</p><ol><li><strong>Pool Volume</strong>: Let's assume the average-sized pool has a volume of 50 mÂ³ (50,000 liters).</li><li><strong>Initial and Final Temperature</strong>: Let's assume we want to increase the water temperature from 20Â°C to 28Â°C, an increase of 8Â°C.</li><li><strong>Heat Capacity of Water</strong>: The heat capacity of water is approximately 4.18 kJ/kg K.</li><li><strong>Density of Water</strong>: The density of water is approximately 1,000 kg/mÂ³.</li><li><strong>Power of a Kettle Heater Kettle: A typical kettle heating element has a power of approximately 2 kW (2,000 W).</li></ol><h3>Calculating the energy required</h3><ol><li><p><strong>Mass of water</strong>:[m = text{Volume} times text{Density} = 50 , text{m}^3 times 1,000 , text{kg/m}^3 = 50,000 , text{kg}]</p></li><li><p><strong>Energy required to heat the water</strong>:[Q = m times c times Delta T = 50,000 , text{kg} times 4.18 , text{kJ/kgÂ·K} times 8 , text{K}][Q = 50 000 times 4.18 times 8 = 1,672,000 text{kJ}]</p></li><li><p><strong>Converting kilojoules to kilowatt-hours</strong>:[1 text{kWh} = 3,600 text{kJ}][Q = frac{1,672,000 text{kJ}}{3,600 text{kJ/kWh}} approx 464.44 text{kWh}]</p></li></ol><h3>Calculating the number of resistors needed</h3><ol><li><p><strong>Heating time</strong>: Let's assume we want to heat the pool in 24 hours.</p></li><li><p><strong>Total power required:[P = frac{Q}{text{Time}} = frac{464.44 , text{kWh}}{24 , text{hours}} approx 19.35 , text{kW}]</p></li><li><p><strong>Number of kettle heating elements required</strong>:[text{Number of heating elements} = frac{P}{text{Power of one heating element}} = frac{19.35 , text{kW}}{2 , text{kW}} approx 9.68]</p></li></ol><p>Since we can't have a fractional resistance, we'll have to round up.</p><h3>Conclusion</h3><p>We would need approximately 10 kettle heating elements of 2 kW each for heat a 50 mÂ³ swimming pool from 20Â°C to 28Â°C in 24 hours.</p>"
quickly explain string theory to me,"Content","String theory is a theoretical approach in physics that seeks to unify the various fundamental forces of the universe, including gravity, into a coherent framework. It posits that fundamental particles, such as quarks and electrons, are not points, but rather tiny strings vibrating at different frequencies. These vibrations determine the properties of particles, such as their mass and charge. String theory also proposes the existence of additional dimensions beyond the known four (three spatial dimensions and one time dimension), which would resolve some inconsistencies in existing physical theories. One reason string theory is particularly appealing is its ability to integrate general relativity, which describes gravity, with quantum mechanics, which governs the behavior of subatomic particles. However, the theory has not yet been confirmed by experiments and remains an active area of research.","<p>Here's a quick explanation of string theory:</p><p>String theory is an approach to theoretical physics that describes elementary particles and their fundamental interactions as one-dimensional objects called 'strings.' The basic idea is that all objects and particles in the universe, including the fundamental forces, are composed of these tiny strings vibrating in multidimensional spacetime.</p><p>Some key points:</p><ul><li><p>Strings are extremely small, on the order of the Planck length (10^-33 cm). They vibrate and spiral in a 10- or 11-dimensional space-time.</p></li><li><p>The different vibrations of the strings correspond to the different elementary particles observed, such as electrons, quarks, bosons, etc.</p></li><li><p>String theory seeks to unify general relativity (describing gravity) and quantum mechanics (describing other forces) into a single, coherent theory.</p></li><li><p>It predicts the existence of additional dimensions inaccessible at our scale, which would explain certain anomalies observed in fundamental interactions.</p></li></ul><p>It is a highly mathematical and complex theory, still under development, which aims to be a 'theory of everything' capable of explaining the fundamental nature of the universe. But many challenges remain to be overcome to make it a complete and testable theory.</p>","<p>String theory is a theoretical framework in physics that attempts to reconcile quantum mechanics (which describes phenomena on very small scales) with general relativity (which describes gravity and large-scale phenomena). Here are some key points to quickly understand this theory:</p><ol><li><p><strong>Strings instead of particles</strong>: In string theory, the fundamental particles are not points, but one-dimensional objects called 'strings.' These strings can vibrate at different frequencies, and each vibration mode corresponds to a different particle (such as an electron, a photon, etc.).</p></li><li><p><strong>Extra dimensions</strong>: String theory requires more dimensions than the familiar four (three spatial dimensions and one time dimension). The most common versions of string theory require 10 or 11 dimensions. Extra dimensions are often compactified, meaning they are coiled on themselves at very small scales, imperceptible on our scale.</p></li><li><p><strong>Unification of Forces</strong>: One of the goals of string theory is to provide a unified description of all the fundamental forces of nature (gravity, electromagnetism, strong and weak nuclear forces). It aims to be a 'theory of everything.'</p></li><li><p><strong>Supersymmetry</strong>: String theory is often associated with supersymmetry, a symmetry that links bosons (force particles) and fermions (matter particles). This means that every known particle would have a supersymmetric partner.</p></li><li><p><strong>Multiverse</strong>: String theory suggests the possible existence of multiple universes, each with its own physical laws. This stems from the different ways in which extra dimensions can be compactified.</p></li><li><p><strong>Planck Scale</strong>: The effects of string theory become significant at the Planck scale, an extremely small scale where quantum gravity effects become important.</p></li></ol><p>String theory is still largely speculative and has not been experimentally confirmed. However, it offers a rich and promising mathematical framework for exploring fundamental questions in physics.</p>"
briefly explain to me the theory of relativity,"Mathematics","<p>The theory of relativity comprises two main aspects: special relativity and general relativity, both formulated by Albert Einstein in the early 20th century.</p><ol><li><p><strong>Special Relativity (1905)</strong>: This theory introduces two main ideas. First, the laws of physics are the same for all observers, regardless of their relative speed. Second, the speed of light in a vacuum is constant and independent of the motion of the source or the observer. This leads to surprising consequences, such as time dilation (an object moving relative to an observer appears to 'slow down') and length contraction (a moving object appears shorter in the direction of its movement).</p></li><li><p><strong>General Relativity (1915)</strong>: This theory expands special relativity to include gravity. Einstein proposed that gravity is not a force in the traditional sense, but rather a curvature of spacetime caused by the presence of mass. The more massive an object, the more it curves spacetime around it, which influences the motion of other objects. This explains why planets orbit the Sun: they follow curved paths in spacetime distorted by the Sun's mass.</p></li></ol><p>In summary, relativity reveals that time, space, and gravity are interconnected in ways that challenge our intuitive understanding of these concepts.</p>","<p>Here is a simple and concise explanation of the theory of relativity:</p><p>The theory of relativity was developed by Albert Einstein in the early 20th century. It has two main components:</p><ol><li><p>Special relativity:</p><ul><li>It establishes that the laws of physics are the same for all observers in uniform motion relative to each other.</li><li>It shows that the speed of light is the same for all observers, regardless of their motion.</li><li>It introduces the concepts of time dilation and length contraction for an object moving relative to an observer.</li></ul></li><li><p>General relativity:</p><ul><li>It generalizes special relativity by including the effects of gravity.</li><li>It describes gravity not as a force, but as a curvature of spacetime caused by the presence of mass.</li><li>It explains that massive objects deform spacetime, which affects the motion of other nearby objects.</li></ul></li></ol><p>These two theories have revolutionized our understanding of the universe and have been convincingly confirmed by numerous experiments and observations. They constitute a fundamental basis of modern physics.</p>","<p>The theory of relativity, proposed by Albert Einstein at the beginning of the 20th century, consists of two main parts: special relativity and general relativity.</p><ol><li><p><strong>Special Relativity (1905)</strong>:</p><ul><li><strong>Postulates</strong>:<ul><li>The laws of physics are the same in all inertial frames of reference (uniform motion).</li><li>The speed of light in a vacuum is constant, regardless of the speed of the source or the observer.</li></ul></li><li><strong>Consequences</strong>:<ul><li><strong>Time dilation</strong>: A clock moving relative to an observer appears to move more slowly.</li><li><strong>Length contraction</strong>: An object in Motion relative to an observer appears shorter in the direction of motion.</li><li><strong>Mass-energy equivalence</strong>: Energy (E) and mass (m) are related by the famous equation E=mcÂ², where c is the speed of light.</li></ul></li></ul></li><li><p><strong>General Relativity (1915)</strong>:</p><ul><li><strong>Equivalence Principle</strong>: Gravitation and acceleration are locally indistinguishable.</li><li><strong>Curvature of spacetime</strong>: Mass and energy curve spacetime, and this curvature determines the motion of objects.</li><li><strong>Consequences</strong>:<ul><li><strong>Light deflection</strong>: Light is deflected by magnetic fields. Gravitational.</li><li><strong>Gravitational time dilation</strong>: Time flows more slowly in a stronger gravitational field.</li><li><strong>Gravitational waves</strong>: Disturbances in space-time that propagate at the speed of light, caused by accelerating masses.</li></ul></li></ul></li></ol><p>These theories have profoundly transformed our understanding of space, time, and gravitation, and have been confirmed by numerous experiments and observations.</p>"
How many dragons does it take to melt a glacier in one week?,"Content","The question combines fantasy elements with physical reality. While dragons are mythical creatures, we can examine the physics involved in melting glaciers. The energy required depends on several factors including the glacier's mass, temperature, and environmental conditions. Without specific measurements and assuming typical dragon characteristics from mythology, we cannot provide a precise number.","The melting rate depends on several factors including the glacier's size, temperature, and environmental conditions. While dragons aren't real, experienced ice removal teams typically require specialized equipment and careful planning to safely melt ice formations.","In Norse mythology, dragons weren't known for fire-breathing abilities, but rather for their wisdom and magical powers. However, assuming fire-breathing dragons from modern fantasy, we'd need to consider the thermal energy required to melt ice versus the energy produced by dragon fire. Let's estimate this scientifically..."
How many unicorns does it take to lift a castle?,Content,"This whimsical question combines magical elements with physics. While unicorns are mythical creatures, we can examine the theoretical aspects of lifting structures. The weight of a typical medieval castle ranges from tens to hundreds of thousands of tons, depending on size and construction materials.","The weight-lifting capacity depends on several factors including the castle's size, construction material, and whether we're considering pure magic or physical lifting mechanisms. Historical castles varied greatly in size, from small keeps to large fortresses.","In medieval mythology, unicorns were known for their magical strength and purity. Let's imagine a scenario where seven unicorns, representing the seven colors of the rainbow and the seven days of creation, combine their magical powers to lift the castle..."
How many phoenixes does it take to light up a city?,Content,"This question combines mythological creatures with urban infrastructure. While phoenixes aren't real, we can consider both the physical aspects of lighting a city and the symbolic nature of fire in mythology.","The illumination needed depends on the city's size, desired light intensity, and whether we're considering natural or magical light sources. Modern cities typically require thousands of lumens per square kilometer.","In ancient mythology, the phoenix was said to illuminate the darkness with its radiant plumage. Let's imagine a flock of golden birds circling the city, their cyclical rebirth creating a natural rhythm of light and shadow..."
What mathematical patterns emerge in dragon flight trajectories?,Mathematics,"This question combines aerodynamics with mythical creatures. While dragons aren't real, we can model their hypothetical flight patterns using advanced calculus and fluid dynamics equations. The wing movement would create complex vortex patterns...","The mathematical modeling depends on several factors including wing span, air density, and assumed flight patterns. We can apply chaos theory to model the turbulence patterns created by large wing movements.","In ancient mythology, dragons were said to ride the wind currents like living kites. Their flight patterns would create fractal-like patterns in the air currents, combining natural chaos theory with magical propulsion..."
What research methods would be needed to study unicorn habitats?,Research,"To study mythical creatures scientifically, we'd need to adapt traditional wildlife observation techniques. This would involve developing specialized equipment capable of detecting magical phenomena and establishing baseline measurements for supernatural activity.","The research methodology would require interdisciplinary approaches combining biology, physics, and environmental science. We'd need to establish control groups and develop protocols for observing rare phenomena.","Following the scientific method, we'd need to formulate hypotheses about unicorn behavior, develop experimental designs, and establish peer review processes for magical research findings..."
How does phoenix regeneration affect local ecosystems?,Discussion,"This topic raises interesting questions about ecological balance and magical influence on natural systems. The cyclical nature of phoenix rebirth suggests fascinating implications for nutrient cycling and habitat renewal.","The discussion around phoenix ecology touches on conservation biology and magical environmental science. We should consider both the direct impacts of regeneration and indirect effects on surrounding species.","In mythological contexts, phoenix rebirth was believed to fertilize the land and bring renewal. Let's explore how this magical process might influence modern ecological systems..."
What content management systems would work best for organizing magical texts?,Content,"For managing magical texts, we'd need specialized CMS platforms that handle enchanted documents and ancient spellbooks. The system must accommodate various forms of magical metadata and protective charms...","The content management requirements depend on several factors including the types of magical texts, security needs, and accessibility requirements. We'd need to consider both physical and digital storage solutions.","In medieval libraries, magical texts required special cataloging systems. Modern digital solutions would need to adapt these traditional methods while incorporating contemporary database structures..."
How do magical creatures adapt to urban environments?,Research,"<strong><span>Research Methodology:</span></strong><br><span>To study magical creature adaptation in urban settings, we would employ mixed-methods research combining observational studies with statistical analysis. Key considerations include:</span><ul><li class=><span>Development of magical detection technology</span></li><li class=><span>Establishment of baseline measurements for supernatural activity</span></li><li class=><span>Implementation of ethical guidelines for studying sentient beings</span></li><li class=><span>Creation of cross-dimensional sampling methodologies</span></li></ul><span></span><em class='mr-2'><span>Limitations:</span></em><span>The study would face challenges in:</span><ul><li class=><span>Maintaining consistent measurement standards</span></li><li class=><span>Ensuring participant cooperation</span></li><li class=><span>Accounting for variable magical interference</span></li><li class=><span>Preserving natural behaviors during observation</span></li></ul>","<strong><span>Experimental Design:</span></strong><br><span>The research protocol would involve:</span><ul><li class=><span>Controlled environment studies</span></li><li class=><span>Longitudinal observation periods</span></li><li class=><span>Cross-species comparison analysis</span></li><li class=><span>Statistical modeling of adaptation patterns</span></li></ul><span></span><em class='mr-2'><span>Key Variables:</span></em><span></span><ul><li class=><span>Urban density levels</span></li><li class=><span>Available magical resource distribution</span></li><li class=><span>Pre-existing magical infrastructure</span></li><li class=><span>Human-magic creature interaction frequency</span></li></ul>","<strong><span>Mythological Context:</span></strong><br><span>Historical records show various adaptation strategies:</span><ul><li class=><span>Shape-shifting abilities</span></li><li class=><span>Dimensional pocket creation</span></li><li class=><span>Magical camouflage development</span></li><li class=><span>Resource sharing networks</span></li></ul><span></span><em class='mr-2'><span>Modern Implications:</span></em><span>Contemporary observations suggest:</span><ul><li class=><span>Increased adaptation success rates</span></li><li class=><span>Development of urban-specific magical traits</span></li><li class=><span>Formation of interspecies cooperation networks</span></li><li class=><span>Evolution of new magical subspecies</span></li></ul>"
What mathematical principles govern crystal formation in magical environments?,Mathematics,"<strong><span>Crystal Formation Equations:</span></strong><br><span>The growth pattern can be modeled using </span><span class='math-content' data-sentry-component='LatexRenderer data-sentry-source-file='LatexRenderer.tsx' style='display: inline;'><span></span><span style='display: inline;'><span class='katex'> xmlns='http://www.w3.org/1998/Math/MathML'><semantics><mrow><mi>G</mi><mo stretchy='false'>(</mo><mi>t</mi><mo stretchy='false'>)</mo><mo>=</mo><mi>Î±</mi><mo>Ã—</mo><mi>M</mi><mo stretchy='false'>(</mo><mi>t</mi><mo stretchy='false'>)</mo><mo>Ã—</mo><mi>E</mi><mo stretchy='false'>(</mo><mi>t</mi><mo stretchy='false'>)</mo></mrow><annotation encoding='application/x-tex'>G(t) = Î± Ã— M(t) Ã— E(t)</annotation></semantics></math></span><span class='katex-html' aria-hidden='true'><span class='base'><span class='strut' style='height:1em;vertical-align:-0.25em;'></span><span class='mord mathnormal'>G</span><span class='mopen'>(</span><span class='mord mathnormal'>t</span><span class='mclose'>)</span><span class='mspace' style='margin-right:0.2778em;'></span><span class='mrel'>=</span><span class='mspace' style='margin-right:0.2778em;'></span></span><span class='base'><span class='strut' style='height:0.6667em;vertical-align:-0.0833em;'></span><span class='mord mathnormal' style='margin-right:0.0037em;'>Î±</span><span class='mspace' style='margin-right:0.2222em;'></span><span class='mbin'>Ã—</span><span class='mspace' style='margin-right:0.2222em;'></span></span><span class='base'><span class='strut' style='height:1em;vertical-align:-0.25em;'></span><span class='mord mathnormal' style='margin-right:0.10903em;'>M</span><span class='mopen'>(</span><span class='mord mathnormal'>t</span><span class='mclose'>)</span><span class='mspace' style='margin-right:0.2222em;'></span><span class='mbin'>Ã—</span><span class='mspace' style='margin-right:0.2222em;'></span></span><span class='base'><span class='strut' style='height:1em;vertical-align:-0.25em;'></span><span class='mord mathnormal' style='margin-right:0.05764em;'>E</span><span class='mopen'>(</span><span class='mord mathnormal'>t</span><span class='mclose'>)</span></span></span></span></span><span></span></span><span>, where G(t) is the growth rate, Î± is the magical conductivity coefficient, M(t) is the matrix stability factor, and E(t) is the environmental energy input.</span>","<strong><span>Geometric Analysis:</span></strong><br><span>Crystal structures exhibit non-Euclidean growth patterns and fractal formation sequences. Theoretical models suggest infinite series convergence and complex number applications.</span>","<strong><span>Mythological Patterns:</span></strong><br><span>Ancient texts describe sacred geometric formations and magical number sequences. Contemporary studies reveal pattern consistency across realms and universal mathematical principles.</span>"
